lemma,placement_count,prior_status
avoir,221,clued
ese,181,clued
rire,172,clued
ses,171,clued
ère,171,clued
savoir,167,clued
sse,150,clued
ire,139,clued
es,132,clued
être,128,clued
se,122,clued
aérer,121,clued
rai,120,clued
are,118,clued
est,115,clued
re,114,clued
oser,113,clued
ose,110,clued
ras,110,clued
ris,109,clued
les,108,clued
si,108,clued
ce,107,clued
êta,106,clued
été,106,clued
ir,105,clued
aller,105,clued
ter,100,clued
et,100,clued
ami,100,clued
ste,99,clued
sas,99,clued
ar,98,clued
en,97,clued
psi,97,clued
cet,95,clued
II,94,clued
ia,93,clued
air,93,clued
té,92,clued
suer,91,clued
me,91,clued
ne,89,clued
ci,88,clued
sec,87,clued
île,87,clued
ans,87,clued
as,86,clued
ra,86,clued
ene,86,clued
ôter,85,clued
ici,85,clued
ue,83,clued
aïe,83,clued
tri,82,clued
lire,81,clued
rat,81,clued
user,80,clued
sa,80,clued
pré,79,clued
ti,78,clued
sur,77,clued
dire,77,clued
pie,77,clued
rue,77,clued
cri,76,clued
aa,76,clued
mer,76,clued
ta,76,clued
eut,76,clued
ria,76,clued
oie,75,clued
sc,74,clued
os,73,clued
âme,73,clued
mettre,72,clued
léa,71,clued
eau,71,clued
ap,70,clued
éli,70,clued
ni,69,clued
tas,68,clued
ca,68,clued
ns,68,clued
ils,68,clued
cr,67,clued
le,66,clued
âne,65,clued
esse,65,UNCLUED
ost,64,clued
raser,64,clued
iii,64,UNCLUED
tir,63,clued
faire,63,clued
lie,62,clued
it,62,clued
noé,62,clued
atm,62,clued
ge,61,clued
roi,61,clued
st,60,clued
tarir,60,clued
rer,60,UNCLUED
dé,59,clued
parer,58,UNCLUED
usa,58,clued
art,58,clued
épier,57,UNCLUED
créer,57,clued
cep,56,clued
mi,56,clued
or,56,clued
pi,56,clued
CC,55,clued
nne,55,clued
errer,55,UNCLUED
soi,54,clued
am,54,clued
an,54,clued
au,54,clued
ps,54,clued
ail,54,clued
sso,53,clued
crier,53,UNCLUED
pouvoir,53,clued
na,53,clued
arc,53,clued
lier,52,UNCLUED
li,52,clued
us,50,clued
ode,50,clued
cas,49,clued
car,49,clued
mie,49,clued
uc,49,clued
ur,49,clued
peser,49,clued
renaître,49,clued
élire,49,clued
tirer,48,clued
lis,48,clued
esp,48,UNCLUED
ino,48,clued
ist,48,UNCLUED
une,47,clued
ouïr,47,clued
gel,47,clued
tuer,47,clued
sac,47,clued
tic,46,clued
rare,46,clued
il,46,clued
in,46,clued
no,46,clued
oc,46,clued
élu,46,clued
pis,46,clued
âge,46,clued
las,45,clued
he,45,clued
tao,44,clued
émettre,44,UNCLUED
clé,44,clued
semer,43,clued
puer,43,clued
ma,43,clued
vi,43,clued
pas,43,clued
naître,42,clued
DI,42,clued
yen,42,clued
son,41,clued
spa,41,UNCLUED
be,41,clued
sn,41,clued
nid,41,clued
taire,41,clued
gérer,41,clued
cor,40,clued
tué,40,clued
aisé,40,clued
fe,40,clued
rester,40,clued
al,39,clued
la,39,clued
nu,39,clued
so,39,clued
âtre,39,UNCLUED
onu,39,clued
oui,39,clued
trier,39,clued
voir,38,clued
nia,38,clued
aimer,38,clued
gré,38,clued
cap,37,clued
raire,37,UNCLUED
vis,37,clued
fer,37,clued
isis,37,clued
rtt,37,UNCLUED
tâter,36,UNCLUED
hi,36,clued
pr,36,clued
ru,36,clued
scier,36,clued
nos,36,clued
saper,36,clued
ita,36,UNCLUED
prier,36,UNCLUED
lit,35,clued
eh,35,clued
mat,35,clued
xe,35,clued
ego,35,clued
éva,35,clued
oms,35,clued
pan,35,clued
sire,35,UNCLUED
erre,35,UNCLUED
rio,35,clued
renier,34,clued
bi,34,clued
orner,34,clued
pin,34,clued
zen,34,clued
bts,33,UNCLUED
tenir,33,clued
id,33,clued
IV,33,clued
to,33,clued
unir,33,clued
oso,33,clued
rêver,33,clued
ave,33,clued
blé,32,clued
agréer,32,clued
cru,32,clued
feu,32,clued
pic,32,clued
anse,32,clued
bec,31,clued
can,31,clued
av,31,clued
fi,31,clued
Mme,31,clued
vs,31,clued
emu,31,clued
ruer,31,UNCLUED
non,31,clued
émouvoir,31,clued
caser,31,clued
réel,31,clued
épée,31,clued
sortir,31,UNCLUED
asseoir,31,clued
ski,30,clued
dam,30,clued
co,30,clued
ares,30,clued
MC,30,clued
tu,30,clued
vii,30,UNCLUED
tare,30,clued
par,30,clued
amer,30,clued
lia,29,clued
lin,29,clued
on,29,clued
nef,29,clued
ont,29,clued
bis,28,clued
omettre,28,clued
ton,28,clued
réunir,28,clued
obéir,28,clued
op,28,clued
ou,28,clued
un,28,clued
vin,28,clued
mener,28,clued
rab,28,clued
tête,28,clued
tôt,27,clued
cu,27,clued
dr,27,clued
mère,27,clued
ono,27,clued
pur,27,clued
roc,27,clued
cil,26,clued
aviser,26,UNCLUED
loi,26,clued
séné,26,UNCLUED
van,26,clued
ena,26,UNCLUED
star,26,clued
step,26,clued
sol,25,clued
tau,25,clued
raie,25,clued
vêtir,25,clued
remettre,25,UNCLUED
sein,25,UNCLUED
opter,25,clued
aire,25,clued
cm,25,clued
ut,25,clued
imiter,25,clued
cerner,25,clued
pli,25,clued
périr,25,clued
rendre,25,clued
ramer,25,clued
rot,25,clued
rimer,24,clued
top,24,clued
ag,24,clued
da,24,clued
je,24,clued
xi,24,clued
relier,24,clued
sale,24,UNCLUED
bas,24,clued
poser,23,clued
deu,23,UNCLUED
cl,23,clued
mr,23,clued
animer,23,clued
gag,23,clued
noter,23,clued
rater,23,clued
ériger,23,clued
site,23,clued
mouvoir,23,clued
agir,23,clued
irriter,22,clued
toi,22,clued
aérien,22,clued
orée,22,UNCLUED
DC,22,clued
fa,22,clued
mas,22,clued
tv,22,clued
amener,22,clued
saisir,22,clued
retenir,22,clued
régir,22,clued
test,22,clued
rus,22,UNCLUED
jpn,22,UNCLUED
bar,22,clued
cp,21,UNCLUED
ol,21,clued
pc,21,clued
aider,21,clued
éditer,21,clued
mentir,21,clued
écrire,21,UNCLUED
réagir,21,UNCLUED
hue,21,clued
arn,21,UNCLUED
urée,21,clued
sou,20,clued
écru,20,UNCLUED
rail,20,clued
ad,20,clued
mo,20,clued
pt,20,clued
péri,20,clued
issir,20,clued
vue,20,clued
pal,20,clued
hep,20,UNCLUED
rôti,20,clued
axe,20,clued
étai,19,clued
cou,19,clued
lac,19,clued
seau,19,clued
lui,19,clued
émir,19,clued
po,19,clued
avérer,19,clued
nuire,19,clued
nul,19,clued
traire,19,clued
cire,19,clued
aléa,19,clued
paître,19,UNCLUED
dîner,19,clued
irm,19,UNCLUED
stère,19,UNCLUED
résine,18,clued
usité,18,UNCLUED
alité,18,clued
raté,18,clued
uriner,18,clued
aîné,18,UNCLUED
cv,18,clued
ex,18,clued
uno,18,clued
stase,18,UNCLUED
nb,18,clued
pers,18,clued
taie,18,UNCLUED
taro,18,clued
nom,18,clued
étaler,18,clued
mêler,18,UNCLUED
ohé,18,clued
acre,18,UNCLUED
xiv,18,UNCLUED
gin,18,clued
œil,18,clued
partir,18,clued
rose,18,clued
pair,18,UNCLUED
tendre,18,clued
iut,18,UNCLUED
rho,18,clued
éviter,17,clued
repaître,17,UNCLUED
tarse,17,UNCLUED
thé,17,clued
cn,17,UNCLUED
croire,17,clued
do,17,clued
garer,17,clued
mn,17,clued
nager,17,clued
fêter,17,clued
laver,17,clued
tester,17,clued
inné,17,clued
ruiner,17,clued
série,17,clued
jeu,17,clued
sud,16,clued
ttc,16,UNCLUED
noir,16,clued
sens,16,UNCLUED
ah,16,clued
fr,16,clued
ha,16,clued
if,16,clued
usd,16,clued
qr,16,clued
ternir,16,UNCLUED
tata,16,UNCLUED
tisser,16,clued
cesser,16,clued
zig,16,clued
ravir,16,clued
pâte,16,clued
élever,16,clued
marié,16,clued
insérer,15,clued
sucer,15,UNCLUED
âpre,15,clued
chi,15,UNCLUED
oral,15,clued
pêne,15,clued
mué,15,clued
méat,15,clued
fier,15,clued
prendre,15,clued
noyer,15,clued
tsar,15,clued
gbp,15,clued
xii,15,UNCLUED
phi,15,clued
eros,15,clued
para,15,UNCLUED
maar,15,clued
rien,14,clued
sos,14,UNCLUED
raid,14,clued
râpe,14,UNCLUED
cia,14,UNCLUED
curer,14,clued
toc,14,clued
mater,14,clued
sept,14,clued
seul,14,clued
dos,14,clued
nd,14,clued
lame,14,clued
pm,14,clued
mou,14,clued
éteindre,14,UNCLUED
pâtir,14,clued
rayer,14,UNCLUED
remuer,14,clued
forer,14,clued
acte,14,clued
nain,14,clued
casser,14,clued
paraître,14,UNCLUED
virer,14,clued
terre,14,clued
idée,14,clued
pus,14,clued
peindre,14,clued
crête,14,clued
plier,14,UNCLUED
bâtir,14,clued
nuée,14,clued
seine,14,clued
réciter,14,clued
devoir,14,clued
scie,14,clued
août,14,clued
état,13,clued
urne,13,clued
cène,13,UNCLUED
rite,13,clued
rade,13,UNCLUED
élan,13,UNCLUED
étui,13,clued
râle,13,clued
lot,13,clued
marier,13,clued
arrêter,13,clued
du,13,clued
émoi,13,UNCLUED
mal,13,clued
mg,13,clued
ml,13,clued
régler,13,clued
tain,13,UNCLUED
able,13,clued
nez,13,clued
nno,13,clued
battre,13,clued
redire,13,clued
cane,13,clued
venir,13,clued
pme,13,UNCLUED
boire,13,clued
hop,13,clued
pire,13,clued
qui,13,clued
paie,13,clued
perdre,13,clued
ante,13,UNCLUED
têtu,13,clued
féal,13,clued
ramener,13,clued
percer,13,clued
sérum,13,clued
serre,13,clued
altérer,13,clued
étau,12,UNCLUED
cul,12,clued
varier,12,clued
br,12,clued
cd,12,clued
ardu,12,UNCLUED
sisal,12,clued
égarer,12,UNCLUED
mm,12,clued
pb,12,clued
rn,12,UNCLUED
sf,12,UNCLUED
frire,12,UNCLUED
vil,12,clued
ranger,12,clued
net,12,clued
méta,12,clued
fan,12,clued
spot,12,clued
naïf,12,clued
nard,12,clued
carré,12,clued
cash,12,UNCLUED
saluer,12,clued
aminé,12,UNCLUED
imam,12,clued
saut,12,clued
citer,12,clued
ivre,12,clued
riz,12,clued
raidir,12,clued
bah,12,UNCLUED
opérer,11,clued
usine,11,clued
tasse,11,clued
épurer,11,clued
étale,11,clued
bra,11,UNCLUED
rural,11,UNCLUED
névé,11,clued
traîner,11,UNCLUED
reine,11,clued
aide,11,clued
secte,11,clued
aile,11,clued
note,11,clued
luc,11,clued
barrer,11,clued
gémir,11,UNCLUED
ht,11,clued
dom,11,clued
mar,11,UNCLUED
mu,11,clued
nl,11,UNCLUED
dur,11,clued
mil,11,clued
vc,11,clued
iran,11,clued
zn,11,clued
teint,11,clued
mur,11,clued
vif,11,clued
soie,11,clued
vos,11,clued
solo,11,UNCLUED
asile,11,UNCLUED
asse,11,UNCLUED
récrier,11,UNCLUED
sente,11,UNCLUED
fane,11,UNCLUED
rente,11,clued
fra,11,UNCLUED
isoler,11,clued
case,11,clued
item,11,clued
gnu,11,clued
usuel,11,clued
étole,11,UNCLUED
zéro,11,clued
artère,11,clued
aïeul,11,UNCLUED
bénir,11,UNCLUED
roue,11,clued
lest,11,clued
prêt,11,clued
paon,11,clued
adn,11,UNCLUED
scan,11,UNCLUED
open,11,UNCLUED
serpe,11,clued
agar,11,UNCLUED
mare,11,clued
payer,11,clued
bal,11,clued
irréel,11,clued
ébène,10,clued
persan,10,clued
nerf,10,UNCLUED
grec,10,clued
apte,10,clued
rive,10,clued
puiser,10,clued
courir,10,clued
férié,10,clued
acier,10,clued
envier,10,clued
lasser,10,UNCLUED
az,10,clued
ba,10,clued
cg,10,clued
dj,10,clued
inter,10,UNCLUED
snob,10,clued
MD,10,clued
oh,10,clued
tine,10,UNCLUED
wu,10,clued
peso,10,clued
gêner,10,clued
désirer,10,clued
dater,10,clued
mourir,10,clued
ocre,10,clued
viser,10,clued
gâter,10,clued
tenter,10,clued
caïd,10,clued
essor,10,UNCLUED
espérer,10,clued
serein,10,UNCLUED
allier,10,clued
ouf,10,clued
nasse,10,clued
écarter,10,clued
vase,10,clued
silo,10,UNCLUED
adorer,10,clued
haïr,10,UNCLUED
renne,10,UNCLUED
same,10,clued
anal,10,clued
séparer,10,clued
nitre,10,UNCLUED
égaré,10,clued
arabe,10,clued
résoudre,10,clued
pape,10,clued
télé,10,clued
répéter,10,clued
imc,10,UNCLUED
païen,10,clued
pari,10,clued
ogre,10,clued
arg,10,UNCLUED
petit,10,clued
natte,10,clued
nègre,10,clued
émeri,9,UNCLUED
harem,9,clued
froid,9,clued
néon,9,clued
but,9,clued
saint,9,UNCLUED
gîte,9,clued
race,9,clued
régner,9,clued
avaler,9,clued
rame,9,clued
hésiter,9,clued
armée,9,clued
gare,9,clued
isolé,9,clued
écraser,9,clued
oint,9,clued
édit,9,clued
coït,9,clued
dorer,9,clued
DV,9,clued
nette,9,clued
go,9,clued
IX,9,clued
lait,9,clued
ka,9,clued
tarder,9,clued
LV,9,clued
arme,9,clued
agiter,9,clued
tact,9,clued
trio,9,clued
carie,9,UNCLUED
iris,9,UNCLUED
aber,9,UNCLUED
polir,9,clued
soir,9,clued
sécher,9,UNCLUED
sole,9,clued
recto,9,clued
fil,9,clued
cité,9,clued
reçu,9,clued
ours,9,clued
vouer,9,clued
carte,9,clued
vitae,9,UNCLUED
sirène,9,clued
auge,9,clued
alun,9,UNCLUED
urine,9,clued
aune,9,clued
envie,9,clued
auto,9,clued
center,9,clued
sauce,9,clued
situer,9,clued
ranimer,9,clued
lent,9,clued
sape,9,clued
diète,9,clued
parler,9,clued
fuir,9,UNCLUED
pisé,9,clued
défier,9,UNCLUED
copier,9,clued
aorte,9,clued
maie,9,UNCLUED
main,9,clued
élite,9,clued
maïs,9,clued
exister,9,clued
mari,9,clued
résider,9,clued
pétrir,9,UNCLUED
ban,9,clued
stop,8,clued
toit,8,clued
étrier,8,clued
bol,8,clued
bon,8,clued
abuser,8,clued
iota,8,UNCLUED
resto,8,UNCLUED
rapt,8,UNCLUED
col,8,clued
gaze,8,UNCLUED
tuf,8,clued
résumer,8,clued
tva,8,UNCLUED
paroi,8,clued
munir,8,clued
hère,8,UNCLUED
avilir,8,clued
sexe,8,UNCLUED
sève,8,UNCLUED
revêtir,8,UNCLUED
laïc,8,UNCLUED
om,8,UNCLUED
pv,8,clued
aspirer,8,clued
vo,8,clued
XC,8,clued
sauter,8,UNCLUED
atterrir,8,clued
vol,8,clued
aliéner,8,clued
rhume,8,clued
relai,8,clued
rétro,8,clued
fbi,8,UNCLUED
islam,8,clued
placer,8,clued
italien,8,clued
vexer,8,clued
univ,8,UNCLUED
ouïe,8,clued
après,8,clued
sudest,8,UNCLUED
nana,8,UNCLUED
générer,8,clued
revivre,8,clued
retirer,8,clued
essai,8,UNCLUED
vrai,8,clued
vire,8,clued
baiser,8,UNCLUED
visa,8,clued
oisif,8,clued
vain,8,UNCLUED
usure,8,clued
rénal,8,clued
ovin,8,clued
pou,8,clued
street,8,clued
stress,8,clued
suivre,8,clued
adieu,8,clued
répartir,8,clued
agité,8,clued
rentrer,8,clued
pine,8,clued
sceau,8,clued
midi,8,UNCLUED
astre,8,clued
zoo,8,clued
raz,8,clued
repérer,8,clued
inde,8,UNCLUED
verdir,8,clued
mise,8,clued
garnir,8,clued
capter,8,clued
rob,8,clued
luire,8,clued
santé,8,clued
marin,8,clued
désir,8,clued
arroser,7,clued
admettre,7,clued
étape,7,clued
essayer,7,clued
tort,7,UNCLUED
étain,7,clued
écho,7,clued
rime,7,clued
harpe,7,clued
neuf,7,clued
kit,7,clued
sorte,7,clued
plat,7,clued
attirer,7,clued
gant,7,clued
férir,7,clued
écrit,7,clued
vert,7,clued
tiret,7,clued
orbe,7,clued
vertu,7,clued
paria,7,UNCLUED
tertre,7,clued
none,7,UNCLUED
lou,7,clued
mlle,7,UNCLUED
subir,7,clued
serf,7,UNCLUED
manier,7,UNCLUED
étudier,7,clued
cf,7,clued
muet,7,clued
hâter,7,UNCLUED
db,7,clued
dm,7,clued
labo,7,clued
iléon,7,UNCLUED
gh,7,clued
otite,7,clued
jo,7,clued
jp,7,UNCLUED
percevoir,7,clued
kr,7,clued
musc,7,UNCLUED
allié,7,clued
oslo,7,clued
varia,7,clued
carène,7,clued
wc,7,clued
révéler,7,clued
edf,7,UNCLUED
cher,7,clued
soda,7,UNCLUED
éclater,7,UNCLUED
geler,7,UNCLUED
menacer,7,clued
repentir,7,clued
ébahir,7,UNCLUED
trahir,7,clued
récif,7,clued
vtt,7,UNCLUED
mess,7,UNCLUED
entrée,7,UNCLUED
abri,7,clued
œdème,7,clued
référer,7,clued
trêve,7,clued
jurer,7,clued
freiner,7,UNCLUED
merci,7,clued
voler,7,clued
pore,7,clued
foi,7,clued
écume,7,clued
perte,7,UNCLUED
saute,7,UNCLUED
choir,7,clued
mêlée,7,clued
café,7,clued
môle,7,UNCLUED
arôme,7,clued
tiède,7,clued
traiter,7,UNCLUED
émaner,7,clued
rosée,7,clued
pib,7,UNCLUED
viril,7,clued
zèle,7,clued
neveu,7,clued
recevoir,7,clued
panse,7,clued
aval,7,UNCLUED
plaire,7,clued
menée,7,clued
roof,7,UNCLUED
hase,7,UNCLUED
sauf,7,clued
année,7,clued
atone,7,clued
anna,7,clued
hennir,7,UNCLUED
raton,7,clued
couper,7,clued
acote,7,UNCLUED
rôder,7,clued
mire,7,clued
siège,7,clued
mali,7,clued
adage,7,UNCLUED
route,7,clued
stèle,7,clued
marc,7,UNCLUED
triste,7,UNCLUED
désert,7,clued
truie,6,clued
égaler,6,clued
urss,6,UNCLUED
piano,6,clued
pente,6,clued
grief,6,clued
suv,6,UNCLUED
tsetse,6,UNCLUED
reste,6,clued
bus,6,clued
élaborer,6,clued
tour,6,clued
initié,6,clued
laser,6,clued
rage,6,clued
clerc,6,clued
rand,6,UNCLUED
renard,6,UNCLUED
cdi,6,UNCLUED
décroître,6,clued
écran,6,clued
coq,6,clued
ordo,6,UNCLUED
orga,6,clued
orge,6,clued
éterniser,6,clued
tenon,6,UNCLUED
amuser,6,UNCLUED
dame,6,clued
garder,6,clued
lever,6,clued
ukase,6,clued
larme,6,clued
ensevelir,6,clued
mérite,6,clued
dey,6,clued
bo,6,clued
ch,6,UNCLUED
lys,6,clued
russe,6,UNCLUED
fm,6,clued
ho,6,clued
dol,6,clued
arène,6,clued
mh,6,clued
pendre,6,UNCLUED
duc,6,clued
qi,6,UNCLUED
tige,6,clued
rompre,6,UNCLUED
évacuer,6,clued
pneu,6,UNCLUED
tram,6,clued
peul,6,UNCLUED
peur,6,UNCLUED
genêt,6,UNCLUED
animé,6,clued
entier,6,clued
même,6,clued
méfier,6,clued
mémo,6,clued
mélo,6,UNCLUED
étuve,6,clued
punir,6,clued
eux,6,clued
recel,6,UNCLUED
ruée,6,UNCLUED
taxe,6,clued
gravir,6,clued
Ampère,6,clued
jeep,6,clued
sirop,6,clued
manie,6,clued
aviso,6,clued
atlas,6,clued
nappe,6,clued
satire,6,clued
fiv,6,UNCLUED
oued,6,clued
nasal,6,UNCLUED
rôtir,6,clued
cric,6,clued
siéger,6,clued
saisie,6,clued
came,6,UNCLUED
loger,6,clued
panser,6,clued
éluder,6,clued
cape,6,clued
osier,6,clued
sauver,6,UNCLUED
encre,6,clued
clair,6,clued
rêve,6,clued
dépérir,6,UNCLUED
issue,6,clued
proie,6,clued
séreux,6,UNCLUED
expier,6,clued
peine,6,clued
rédiger,6,clued
épître,6,clued
droit,6,clued
script,6,clued
amen,6,clued
salin,6,UNCLUED
léguer,6,clued
ennuyer,6,clued
caste,6,UNCLUED
saule,6,clued
aveu,6,clued
émané,6,clued
désunir,6,clued
avis,6,clued
rabattre,6,clued
rond,6,clued
hart,6,UNCLUED
jouir,6,UNCLUED
mossi,6,UNCLUED
ennui,6,clued
thèse,6,clued
mense,6,UNCLUED
pain,6,clued
pâle,6,clued
xiii,6,UNCLUED
dose,6,clued
enfuir,6,UNCLUED
meute,6,clued
avarie,6,clued
afro,6,clued
abstenir,6,UNCLUED
saleté,6,UNCLUED
durée,6,clued
mana,6,UNCLUED
insu,6,UNCLUED
opep,6,UNCLUED
maire,6,UNCLUED
trame,6,clued
icône,6,clued
fête,6,clued
radis,6,clued
cause,6,clued
agio,6,UNCLUED
seuil,5,clued
geste,5,clued
danser,5,clued
tôle,5,UNCLUED
tong,5,UNCLUED
tome,5,clued
laisser,5,clued
mitre,5,UNCLUED
assiéger,5,clued
verger,5,clued
échec,5,clued
suie,5,UNCLUED
sursis,5,clued
gain,5,clued
autre,5,clued
liant,5,clued
elfe,5,clued
cac,5,UNCLUED
rang,5,clued
alinéa,5,UNCLUED
alter,5,clued
enrôler,5,UNCLUED
navire,5,clued
acide,5,clued
vent,5,clued
tâcher,5,clued
ratp,5,UNCLUED
drap,5,clued
dériver,5,clued
détenir,5,clued
ceste,5,UNCLUED
refuser,5,clued
deviner,5,clued
noce,5,clued
ouate,5,UNCLUED
lias,5,UNCLUED
ténor,5,clued
pénal,5,clued
monter,5,clued
daim,5,UNCLUED
souper,5,clued
euro,5,clued
émerger,5,clued
aigu,5,UNCLUED
titane,5,UNCLUED
date,5,clued
côté,5,clued
aimé,5,clued
lime,5,UNCLUED
épuiser,5,clued
dix,5,clued
dl,5,clued
adresser,5,clued
camper,5,clued
hz,5,clued
raide,5,clued
craie,5,clued
paume,5,clued
oasis,5,UNCLUED
muse,5,clued
lama,5,UNCLUED
ph,5,clued
crise,5,clued
carême,5,clued
watt,5,clued
écart,5,clued
résulter,5,clued
roidir,5,clued
scion,5,clued
évier,5,clued
spore,5,clued
abat,5,clued
gelée,5,UNCLUED
figer,5,clued
essieu,5,clued
chéri,5,clued
pâtre,5,UNCLUED
menu,5,clued
abolir,5,clued
mets,5,clued
jean,5,clued
vaincre,5,clued
dicter,5,clued
arriver,5,clued
ciel,5,clued
famé,5,clued
opéré,5,clued
opéra,5,clued
polo,5,clued
accu,5,clued
ibis,5,clued
rumen,5,clued
sénile,5,UNCLUED
délier,5,clued
acmé,5,clued
fut,5,clued
cabane,5,UNCLUED
alléger,5,UNCLUED
crin,5,UNCLUED
épave,5,clued
cale,5,clued
mois,5,clued
camp,5,UNCLUED
ratio,5,clued
pesage,5,UNCLUED
more,5,clued
boss,5,clued
moral,5,clued
odeur,5,clued
tribu,5,clued
nazi,5,UNCLUED
latino,5,UNCLUED
déco,5,clued
loess,5,clued
genre,5,clued
terme,5,clued
déni,5,UNCLUED
venger,5,UNCLUED
cotte,5,UNCLUED
frémir,5,UNCLUED
coton,5,UNCLUED
enlever,5,UNCLUED
haie,5,clued
endormir,5,clued
éther,5,clued
nuplet,5,UNCLUED
aigri,5,clued
dénier,5,clued
turc,5,UNCLUED
sécréter,5,clued
baser,5,clued
erroné,5,clued
sang,5,clued
borner,5,clued
auteur,5,clued
réfuter,5,clued
avoine,5,clued
pile,5,UNCLUED
cadet,5,clued
diviser,5,clued
sinus,5,clued
suite,5,clued
veine,5,UNCLUED
tech,5,UNCLUED
toast,5,clued
séance,5,UNCLUED
bien,5,clued
doré,5,clued
clou,5,clued
pavé,5,clued
mine,5,UNCLUED
zut,5,UNCLUED
inclure,5,clued
cuir,5,UNCLUED
initier,5,UNCLUED
valse,5,clued
loir,5,UNCLUED
pondre,5,UNCLUED
tract,5,UNCLUED
marée,5,UNCLUED
répit,5,clued
mars,5,clued
loto,5,clued
nacre,5,clued
radio,5,clued
retracer,5,UNCLUED
assiégé,4,clued
sdf,4,UNCLUED
opus,4,clued
bey,4,clued
manger,4,clued
rareté,4,UNCLUED
inciter,4,clued
drapé,4,clued
usage,4,clued
slip,4,UNCLUED
nieme,4,UNCLUED
guérir,4,clued
aimant,4,clued
cent,4,clued
goûter,4,clued
épouser,4,clued
canon,4,clued
émigré,4,UNCLUED
dette,4,clued
solder,4,clued
héroïne,4,clued
girl,4,UNCLUED
liais,4,UNCLUED
réserver,4,clued
receler,4,clued
récuser,4,UNCLUED
gagner,4,clued
agraire,4,UNCLUED
œuvrer,4,clued
essaim,4,UNCLUED
cnrs,4,UNCLUED
plie,4,UNCLUED
nœud,4,clued
hutu,4,clued
écrin,4,clued
étoile,4,clued
chn,4,UNCLUED
apposer,4,clued
raison,4,clued
pleurer,4,clued
scène,4,clued
guider,4,clued
curée,4,clued
plain,4,clued
rave,4,clued
resserrer,4,clued
daigner,4,UNCLUED
veuf,4,UNCLUED
alerte,4,clued
cocu,4,UNCLUED
verse,4,UNCLUED
rival,4,clued
seigle,4,clued
esprit,4,clued
orme,4,clued
lien,4,clued
lieu,4,clued
démolir,4,clued
germer,4,UNCLUED
désobéir,4,UNCLUED
tomate,4,UNCLUED
lux,4,clued
arrêté,4,clued
sabre,4,clued
tonal,4,UNCLUED
CX,4,clued
heur,4,UNCLUED
utérin,4,clued
azur,4,clued
gluten,4,clued
destin,4,clued
jeter,4,UNCLUED
casier,4,UNCLUED
crâne,4,clued
planer,4,UNCLUED
pause,4,clued
agent,4,clued
kg,4,clued
gaîté,4,clued
MV,4,clued
tardif,4,clued
appel,4,UNCLUED
intérêt,4,clued
must,4,clued
lard,4,clued
ancien,4,clued
adhérer,4,UNCLUED
relever,4,UNCLUED
XL,4,clued
crime,4,clued
trac,4,UNCLUED
yo,4,clued
chas,4,UNCLUED
réussir,4,clued
auréole,4,UNCLUED
poète,4,clued
obtenir,4,UNCLUED
écrou,4,clued
énerver,4,UNCLUED
tronc,4,UNCLUED
étroit,4,clued
chef,4,clued
soft,4,UNCLUED
dresser,4,clued
canine,4,UNCLUED
érudit,4,clued
patin,4,clued
dessin,4,clued
trou,4,clued
sentier,4,clued
respirer,4,clued
ovaire,4,clued
valoir,4,clued
préau,4,UNCLUED
déteindre,4,clued
film,4,UNCLUED
ample,4,clued
sénat,4,clued
bête,4,clued
after,4,UNCLUED
rude,4,clued
friser,4,UNCLUED
guet,4,clued
fisc,4,clued
renseigner,4,clued
négocier,4,clued
échouer,4,UNCLUED
avril,4,UNCLUED
écrouler,4,clued
pois,4,clued
presser,4,clued
trouver,4,clued
épinière,4,UNCLUED
adoré,4,clued
pont,4,clued
abîme,4,clued
cime,4,clued
geôle,4,clued
égal,4,clued
ciné,4,UNCLUED
post,4,clued
port,4,UNCLUED
pose,4,clued
cran,4,UNCLUED
jeté,4,UNCLUED
duel,4,clued
beauté,4,clued
prêtre,4,clued
éclore,4,UNCLUED
shah,4,clued
réseau,4,UNCLUED
rotin,4,clued
ancre,4,UNCLUED
porter,4,clued
nage,4,clued
exilé,4,UNCLUED
abattre,4,clued
pinte,4,clued
ong,4,UNCLUED
romano,4,UNCLUED
ressentir,4,clued
réparer,4,clued
livrer,4,clued
démêler,4,clued
galet,4,UNCLUED
naos,4,UNCLUED
entete,4,UNCLUED
gent,4,UNCLUED
nocif,4,clued
peste,4,clued
boue,4,clued
reposer,4,UNCLUED
cave,4,clued
média,4,UNCLUED
carne,4,UNCLUED
réverbérer,4,UNCLUED
amasser,4,clued
renouer,4,clued
venin,4,clued
génie,4,clued
regret,4,UNCLUED
deal,4,clued
baise,4,UNCLUED
prurit,4,clued
reprendre,4,clued
sueur,4,clued
limiter,4,UNCLUED
aurore,4,clued
dérive,4,clued
variété,4,clued
messe,4,clued
image,4,clued
région,4,clued
broyer,4,clued
imago,4,clued
énigme,4,clued
sida,4,clued
hamac,4,clued
phare,4,clued
numéro,4,clued
mûrir,4,clued
yak,4,clued
pièce,4,clued
neutre,4,clued
voter,4,clued
croate,4,clued
péril,4,clued
salut,4,clued
tiers,4,clued
psg,4,UNCLUED
amincir,4,clued
estimer,4,clued
manioc,4,clued
saga,4,clued
ennemi,4,clued
vaste,4,UNCLUED
tune,4,clued
mesurer,4,clued
oiseau,4,clued
halo,4,UNCLUED
tracer,4,clued
prière,4,clued
pied,4,UNCLUED
vidéo,4,clued
rallier,4,UNCLUED
tirage,4,clued
bénin,4,UNCLUED
tailler,4,clued
pairie,4,UNCLUED
poire,4,clued
roux,4,UNCLUED
nuancer,4,clued
égard,4,clued
crêpe,4,UNCLUED
étonner,4,clued
ravager,4,clued
induire,4,clued
briser,4,clued
ensuivre,4,UNCLUED
causer,4,clued
tutsi,4,UNCLUED
tenure,4,UNCLUED
tutti,4,clued
zona,4,UNCLUED
zone,4,clued
mime,4,clued
herse,4,UNCLUED
vomir,4,clued
utile,4,clued
palier,4,clued
seing,4,UNCLUED
natal,4,clued
réprimer,4,clued
leader,4,clued
idiot,4,clued
enfouir,4,clued
mite,4,clued
trait,4,clued
itinéraire,4,clued
mage,4,clued
abriter,4,clued
leste,4,clued
durer,4,clued
présenter,4,clued
croiser,4,clued
spinal,4,clued
trapu,4,clued
inégal,4,clued
repli,4,clued
mâle,4,clued
trans,4,clued
créole,4,clued
violer,4,clued
orgie,4,clued
priver,4,clued
base,4,clued
brut,4,clued
attarder,4,UNCLUED
abréger,4,clued
entendre,4,clued
opium,4,UNCLUED
mordre,4,clued
agha,4,clued
causa,4,clued
ricin,4,UNCLUED
teneur,4,clued
avenu,4,clued
bac,4,clued
élancer,4,clued
inouï,4,UNCLUED
privé,4,clued
audit,3,clued
tripler,3,clued
métier,3,clued
retentir,3,UNCLUED
chaise,3,clued
protester,3,UNCLUED
parade,3,UNCLUED
bep,3,UNCLUED
signaler,3,clued
larve,3,UNCLUED
néant,3,clued
travée,3,clued
accepter,3,clued
archi,3,clued
arche,3,clued
caméra,3,clued
feutre,3,clued
avenue,3,clued
pénétrer,3,UNCLUED
délit,3,clued
apprêt,3,clued
meurtrir,3,UNCLUED
drame,3,UNCLUED
émeute,3,clued
guano,3,clued
corsaire,3,UNCLUED
semis,3,UNCLUED
décri,3,clued
mensuel,3,clued
tibia,3,clued
parefeu,3,UNCLUED
label,3,clued
suif,3,clued
emplir,3,clued
grès,3,clued
présager,3,clued
nuque,3,UNCLUED
plan,3,clued
toucher,3,clued
cotiser,3,clued
maman,3,clued
foie,3,clued
foin,3,clued
améliorer,3,UNCLUED
rassurer,3,clued
étreindre,3,clued
décès,3,clued
dieu,3,clued
mille,3,UNCLUED
rance,3,UNCLUED
intéresser,3,clued
génial,3,clued
verre,3,clued
marais,3,clued
piètre,3,clued
viande,3,clued
quête,3,clued
velu,3,clued
place,3,clued
aplomb,3,clued
store,3,clued
chf,3,clued
trafic,3,clued
brunir,3,UNCLUED
océan,3,clued
aéronef,3,clued
cabinet,3,clued
smic,3,UNCLUED
avouer,3,clued
zinc,3,UNCLUED
plaie,3,clued
transe,3,clued
raya,3,UNCLUED
déposer,3,clued
carcan,3,clued
lancer,3,clued
cesse,3,clued
coca,3,UNCLUED
visage,3,clued
achever,3,clued
coin,3,clued
noix,3,clued
lice,3,UNCLUED
évader,3,clued
évaporer,3,clued
cola,3,clued
orienter,3,UNCLUED
heurt,3,clued
assimiler,3,clued
cône,3,clued
large,3,clued
aventurer,3,clued
ajuster,3,clued
nord,3,UNCLUED
macro,3,UNCLUED
tenace,3,clued
tamis,3,UNCLUED
ictère,3,clued
sabot,3,clued
buée,3,clued
avion,3,clued
doter,3,clued
dg,3,clued
gnose,3,clued
vérité,3,clued
emparer,3,clued
choisir,3,clued
déclarer,3,clued
peau,3,clued
gb,3,UNCLUED
jetée,3,UNCLUED
preux,3,clued
merle,3,UNCLUED
béant,3,clued
représenter,3,UNCLUED
coudre,3,clued
dorsal,3,clued
pj,3,clued
église,3,clued
banni,3,clued
ressaisir,3,clued
enseigner,3,clued
intro,3,clued
inerte,3,clued
rougir,3,clued
côtier,3,clued
écouter,3,clued
scrutin,3,clued
lave,3,clued
aplanir,3,clued
XV,3,clued
dessus,3,UNCLUED
trad,3,clued
entourer,3,clued
plèbe,3,clued
glass,3,UNCLUED
obus,3,UNCLUED
banal,3,clued
bébé,3,clued
satin,3,clued
sport,3,clued
vih,3,UNCLUED
abaisser,3,clued
surnom,3,clued
repère,3,clued
outil,3,clued
pâtis,3,clued
définir,3,UNCLUED
fixer,3,UNCLUED
soit,3,clued
artisan,3,clued
épargner,3,clued
trot,3,clued
attiédir,3,UNCLUED
résonner,3,UNCLUED
arrière,3,clued
couler,3,UNCLUED
sono,3,UNCLUED
épanouir,3,clued
génois,3,clued
hôte,3,UNCLUED
encas,3,UNCLUED
nuage,3,UNCLUED
bleuir,3,clued
soul,3,clued
parole,3,clued
énumérer,3,clued
corse,3,clued
bêta,3,clued
fanatiser,3,UNCLUED
végéter,3,UNCLUED
répudier,3,UNCLUED
cornu,3,clued
latin,3,clued
patte,3,clued
mimer,3,clued
lacet,3,clued
bêtise,3,UNCLUED
talus,3,clued
dictée,3,clued
fait,3,clued
louer,3,clued
jésus,3,clued
palpe,3,UNCLUED
veiller,3,UNCLUED
artériel,3,UNCLUED
studio,3,clued
celte,3,UNCLUED
merde,3,clued
branle,3,UNCLUED
sauvé,3,UNCLUED
amender,3,clued
retardé,3,clued
fmi,3,UNCLUED
visée,3,clued
cinéma,3,clued
cornée,3,clued
féerie,3,clued
fou,3,clued
honte,3,clued
replier,3,UNCLUED
axial,3,clued
simuler,3,clued
exact,3,clued
alarmer,3,UNCLUED
ivoire,3,clued
libérer,3,clued
rotor,3,UNCLUED
alourdir,3,UNCLUED
ananas,3,clued
cage,3,clued
taxer,3,clued
expo,3,UNCLUED
revers,3,clued
dune,3,clued
trial,3,UNCLUED
alfa,3,UNCLUED
trias,3,clued
levier,3,clued
algo,3,UNCLUED
acidité,3,UNCLUED
glapir,3,clued
saison,3,clued
môme,3,UNCLUED
ovale,3,clued
livret,3,clued
tierce,3,UNCLUED
signer,3,UNCLUED
détruire,3,clued
ascèse,3,clued
gens,3,clued
moisi,3,clued
degré,3,clued
aplatir,3,UNCLUED
bore,3,clued
écurie,3,clued
héron,3,clued
usurper,3,clued
approprier,3,clued
culée,3,UNCLUED
virée,3,clued
rouage,3,clued
renouveler,3,UNCLUED
ruisseler,3,UNCLUED
purger,3,clued
norme,3,clued
avertir,3,clued
empire,3,clued
déci,3,UNCLUED
ordre,3,clued
frais,3,clued
colon,3,clued
emmener,3,clued
apôtre,3,clued
crever,3,clued
salle,3,clued
tante,3,clued
déverser,3,UNCLUED
parure,3,clued
genou,3,clued
lune,3,clued
panier,3,clued
réalité,3,clued
égide,3,clued
drôle,3,clued
accentuer,3,clued
giron,3,clued
soupe,3,clued
ressortir,3,UNCLUED
prédire,3,clued
sourd,3,UNCLUED
soirée,3,clued
pmu,3,UNCLUED
admirer,3,clued
remédier,3,clued
dent,3,clued
femme,3,clued
séduire,3,clued
rebâtir,3,clued
joue,3,clued
dérober,3,clued
boîte,3,clued
sitin,3,UNCLUED
rendu,3,clued
routier,3,UNCLUED
haranguer,3,UNCLUED
alarme,3,clued
zeus,3,clued
flan,3,clued
rôde,3,clued
ratifier,3,clued
azote,3,clued
perle,3,UNCLUED
austère,3,clued
encens,3,clued
extra,3,clued
régénérer,3,clued
hall,3,clued
aigre,3,UNCLUED
comte,3,clued
pieu,3,clued
rôle,3,clued
colorer,3,UNCLUED
prince,3,clued
tolérer,3,clued
jouer,3,clued
nature,3,clued
exclu,3,clued
amande,3,UNCLUED
déduire,3,clued
édifier,3,clued
hâte,3,UNCLUED
crève,3,clued
dièse,3,UNCLUED
essuyer,3,clued
social,3,UNCLUED
pipe,3,UNCLUED
avorter,3,clued
atout,3,clued
classer,3,clued
savane,3,clued
ange,3,clued
enfer,3,clued
crème,3,clued
docu,3,UNCLUED
éveil,3,clued
firme,3,clued
terreur,3,clued
remise,3,UNCLUED
gerbe,3,clued
derme,3,clued
atome,3,clued
theta,3,UNCLUED
clef,3,clued
marcher,3,clued
mica,3,clued
piller,3,clued
clip,3,clued
ethnie,3,clued
clic,3,clued
hêtre,3,clued
anus,3,clued
baril,3,clued
rivage,3,UNCLUED
promouvoir,3,clued
aspect,3,clued
ignorer,3,clued
indu,3,clued
yuan,3,clued
utiliser,3,clued
acoup,3,UNCLUED
infini,3,clued
ivg,3,UNCLUED
regarnir,3,UNCLUED
enclin,3,clued
brio,3,UNCLUED
ménager,3,clued
roman,3,clued
règne,3,clued
entériner,3,clued
bain,3,UNCLUED
round,3,UNCLUED
sérieux,3,clued
mardi,3,clued
phrase,3,clued
banc,3,UNCLUED
fouler,3,clued
curé,3,clued
radar,3,clued
laiton,3,clued
athée,3,clued
percée,3,UNCLUED
fumer,3,clued
oncle,3,clued
soucier,3,clued
élargir,3,clued
mûrier,3,UNCLUED
aliter,3,clued
rompu,3,UNCLUED
math,3,UNCLUED
losc,3,UNCLUED
trouée,3,clued
loup,3,clued
offrir,3,clued
archet,2,UNCLUED
siècle,2,clued
demeurer,2,clued
médiastinal,2,UNCLUED
guerre,2,clued
hardi,2,clued
lèvre,2,UNCLUED
écueil,2,clued
carnassier,2,UNCLUED
clarté,2,UNCLUED
malle,2,clued
stationner,2,UNCLUED
action,2,clued
flûte,2,clued
faute,2,clued
réacteur,2,clued
fureur,2,clued
envisager,2,clued
espion,2,clued
quitter,2,clued
prospecter,2,UNCLUED
statuer,2,clued
centraliser,2,UNCLUED
avoué,2,UNCLUED
accélérer,2,clued
paramédical,2,UNCLUED
idéaliser,2,UNCLUED
topo,2,UNCLUED
filet,2,UNCLUED
détester,2,clued
filer,2,clued
frisson,2,UNCLUED
espace,2,clued
arpent,2,clued
