lemma_a,lemma_b
ABAISSANT,ABAISSER
ABASOURDISSANT,ABASOURDIR
ABERRANT,ABERRER
ABETISSANT,ABETIR
ABONDANT,ABONDER
ABONDE,ABONDER
ABOTE,ABOTER
ABOTTE,ABOTTER
ABOYANT,ABOYER
ABRUTISSANT,ABRUTIR
ABSORBANT,ABSORBER
ACCABLANT,ACCABLER
ACCAPARANT,ACCAPARER
ACCEDE,ACCEDER
ACCEPTANT,ACCEPTER
ACCIDENTE,ACCIDENTER
ACCOMMODANT,ACCOMMODER
ACCOMPAGNANT,ACCOMPAGNER
ACCUEILLANT,ACCUEILLIR
ACIDIFIANT,ACIDIFIER
ACOQUINANT,ACOQUINER
ADOPTANT,ADOPTER
ADORANT,ADORER
ADOUCISSANT,ADOUCIR
ADSORBANT,ADSORBER
AFFADISSANT,AFFADIR
AFFAIBLISSANT,AFFAIBLIR
AFFAMANT,AFFAMER
AFFLEURANT,AFFLEURER
AFFLIGEANT,AFFLIGER
AFFOLANT,AFFOLER
AFFRIOLANT,AFFRIOLER
AFRICANISANT,AFRICANISER
AGACANT,AGACER
AGGLOMERANT,AGGLOMERER
AGGLUTINANT,AGGLUTINER
AGGRAVANT,AGGRAVER
AGISSANT,AGIR
AGITANT,AGITER
AGONISANT,AGONISER
AGRANDISSANT,AGRANDIR
AGRIPPANT,AGRIPPER
AGUICHANT,AGUICHER
AHURISSANT,AHURIR
AIMANT,AIMER
ALARMANT,ALARMER
ALCALINISANT,ALCALINISER
ALIENANT,ALIENER
ALKYLANT,ALKYLER
ALLAITANT,ALLAITER
ALLANT,ALLER
ALLECHANT,ALLECHER
ALOURDISSANT,ALOURDIR
ALTERANT,ALTERER
ALTERNANT,ALTERNER
AMAIGRISSANT,AMAIGRIR
AMELIORANT,AMELIORER
AMINCISSANT,AMINCIR
AMINE,AMINER
AMNISTIANT,AMNISTIER
AMOLLISSANT,AMOLLIR
AMPLIFIANT,AMPLIFIER
AMUSANT,AMUSER
ANABOLISANT,ANABOLISER
ANALYSANT,ANALYSER
ANEMIANT,ANEMIER
ANESTHESIANT,ANESTHESIER
ANGOISSANT,ANGOISSER
ANKYLOSANT,ANKYLOSER
ANNIHILANT,ANNIHILER
ANOBLISSANT,ANOBLIR
APAISANT,APAISER
APEURANT,APEURER
APPAUVRISSANT,APPAUVRIR
APPELANT,APPELER
APPONTE,APPONTER
APPRENANT,APPRENDRE
APPROCHANT,APPROCHER
ARABISANT,ARABISER
ARBORISE,ARBORISER
ARCHAISANT,ARCHAISER
ARGUMENTE,ARGUMENTER
AROMATISANT,AROMATISER
ARRANGEANT,ARRANGER
ARRIVANT,ARRIVER
ASPHYXIANT,ASPHYXIER
ASPIRANT,ASPIRER
ASSAILLANT,ASSAILLIR
ASSEOIR,ASSOIR
ASSERVISSANT,ASSERVIR
ASSIEGEANT,ASSIEGER
ASSIMILANT,ASSIMILER
ASSOIR,ASSEOIR
ASSOMBRISSANT,ASSOMBRIR
ASSOMMANT,ASSOMMER
ASSONANT,ASSONER
ASSOUPISSANT,ASSOUPIR
ASSOURDISSANT,ASSOURDIR
ASSUJETTISSANT,ASSUJETTIR
ASTREIGNANT,ASTREINDRE
ATROPHIANT,ATROPHIER
ATTACHANT,ATTACHER
ATTAQUANT,ATTAQUER
ATTENDRISSANT,ATTENDRIR
ATTENUANT,ATTENUER
ATTERRANT,ATTERRER
ATTIRANT,ATTIRER
ATTRISTANT,ATTRISTER
AVALANT,AVALER
AVEUGLANT,AVEUGLER
AVILISSANT,AVILIR
AVOISINANT,AVOISINER
BALBUTIANT,BALBUTIER
BALLANT,BALLER
BANDANT,BANDER
BARAQUE,BARAQUER
BARBANT,BARBER
BASANE,BASANER
BASCULANT,BASCULER
BASSINANT,BASSINER
BATELE,BATELER
BATIFOLANT,BATIFOLER
BATTANT,BATTRE
BAVANT,BAVER
BAVOCHE,BAVOCHER
BEANT,BEER
BEATIFIANT,BEATIFIER
BEDONNANT,BEDONNER
BEGAYANT,BEGAYER
BELANT,BELER
BENISSANT,BENIR
BERCANT,BERCER
BETIFIANT,BETIFIER
BEUGLANT,BEUGLER
BIDONNANT,BIDONNER
BIFURQUE,BIFURQUER
BIOLOGISANT,BIOLOGISER
BLANCHISSANT,BLANCHIR
BLEMISSANT,BLEMIR
BLESSANT,BLESSER
BLOQUANT,BLOQUER
BLOUSANT,BLOUSER
BLUFFANT,BLUFFER
BOITILLANT,BOITILLER
BOMBANT,BOMBER
BONDISSANT,BONDIR
BONIFIANT,BONIFIER
BORDANT,BORDER
BOUFFANT,BOUFFER
BOUILLANT,BOUILLIR
BOUILLONNANT,BOUILLONNER
BOULEVERSANT,BOULEVERSER
BOURDONNANT,BOURDONNER
BOURDONNE,BOURDONNER
BOURGEONNANT,BOURGEONNER
BOUTANT,BOUTER
BRAILLANT,BRAILLER
BRANLANT,BRANLER
BREDOUILLANT,BREDOUILLER
BRILLANT,BRILLER
BRINGUEBALANT,BRINGUEBALER
BRINQUEBALANT,BRINQUEBALER
BRISANT,BRISER
BROCHANT,BROCHER
BRONZANT,BRONZER
BROUILLASSE,BROUILLASSER
BRUINE,BRUINER
BRUIR,BRUIRE
BRUISSANT,BRUIR
BRUISSANT,BRUIRE
BRUISSANT,BRUISSER
BRULANT,BRULER
BRUNISSANT,BRUNIR
BULLE,BULLER
BUTINANT,BUTINER
CADRANT,CADRER
CAHOTANT,CAHOTER
CALMANT,CALMER
CAMOUFLANT,CAMOUFLER
CANULANT,CANULER
CAPITALISANT,CAPITALISER
CAPITULE,CAPITULER
CAPTANT,CAPTER
CAPTIVANT,CAPTIVER
CAQUETANT,CAQUETER
CARACTERISANT,CARACTERISER
CARBURANT,CARBURER
CARESSANT,CARESSER
CARILLONNANT,CARILLONNER
CARRE,CARRER
CASQUANT,CASQUER
CASSANT,CASSER
CATEGORISANT,CATEGORISER
CATHOLICISANT,CATHOLICISER
CAUSANT,CAUSER
CAUTERISANT,CAUTERISER
CEDANT,CEDER
CELEBRANT,CELEBRER
CERTIFIANT,CERTIFIER
CESSANT,CESSER
CHAGRINANT,CHAGRINER
CHALOUPE,CHALOUPER
CHANCELANT,CHANCELER
CHANGEANT,CHANGER
CHANTANT,CHANTER
CHARMANT,CHARMER
CHATOYANT,CHATOYER
CHAUDRONNE,CHAUDRONNER
CHAUFFANT,CHAUFFER
CHAUSSANT,CHAUSSER
CHEVAUCHANT,CHEVAUCHER
CHEVROTANT,CHEVROTER
CHIANT,CHIER
CHOQUANT,CHOQUER
CHUCHOTANT,CHUCHOTER
CHUINTANT,CHUINTER
CICATRISANT,CICATRISER
CINGLANT,CINGLER
CIRCULANT,CIRCULER
CLAIRONNANT,CLAIRONNER
CLAPOTANT,CLAPOTER
CLAQUANT,CLAQUER
CLASSANT,CLASSER
CLIGNOTANT,CLIGNOTER
CLIMATISANT,CLIMATISER
CLIQUETANT,CLIQUETER
CLIVANT,CLIVER
CLOISONNANT,CLOISONNER
COAGULANT,COAGULER
COASSANT,COASSER
CODANT,CODER
COENCADRANT,COENCADRER
COEXISTANT,COEXISTER
COHABITANT,COHABITER
COIFFANT,COIFFER
COKEFIANT,COKEFIER
COLLANT,COLLER
COLORANT,COLORER
COMBATTANT,COMBATTRE
COMBINANT,COMBINER
COMMENCANT,COMMENCER
COMMERCANT,COMMERCER
COMMETTANT,COMMETTRE
COMPARANT,COMPARER
COMPARANT,COMPAROIR
COMPATISSANT,COMPATIR
COMPLAISANT,COMPLAIRE
COMPOSANT,COMPOSER
COMPROMETTANT,COMPROMETTRE
COMPTANT,COMPTER
CONCEDANT,CONCEDER
CONCERNE,CONCERNER
CONCERTANT,CONCERTER
CONCILIANT,CONCILIER
CONCLUANT,CONCLURE
CONCORDANT,CONCORDER
CONCOURANT,CONCOURIR
CONDESCENDANT,CONDESCENDRE
CONFESSANT,CONFESSER
CONFIANT,CONFIER
CONFONDANT,CONFONDRE
CONQUERANT,CONQUERIR
CONSENTANT,CONSENTIR
CONSISTANT,CONSISTER
CONSOLANT,CONSOLER
CONSONANT,CONSONER
CONSTERNANT,CONSTERNER
CONSTITUANT,CONSTITUER
CONSULTANT,CONSULTER
CONTAMINANT,CONTAMINER
CONTENANT,CONTENIR
CONTRACTANT,CONTRACTER
CONTRAIGNANT,CONTRAINDRE
CONTRARIANT,CONTRARIER
CONTRASTANT,CONTRASTER
CONTREDISANT,CONTREDIRE
CONTREFAISANT,CONTREFAIRE
CONTREPERCANT,CONTREPERCER
COOPERANT,COOPERER
COPARTAGEANT,COPARTAGER
CORDE,CORDER
CORRESPONDANT,CORRESPONDRE
CORROBORANT,CORROBORER
CORRODANT,CORRODER
COTISANT,COTISER
COUCHANT,COUCHER
COUINANT,COUINER
COULANT,COULER
COULISSANT,COULISSER
COUPANT,COUPER
COURANT,COURIR
COURTISE,COURTISER
COUTANT,COUTER
COUVRANT,COUVRIR
CRAQUANT,CRAQUER
CRAWLE,CRAWLER
CREME,CREMER
CRENELE,CRENELER
CREPITANT,CREPITER
CREVANT,CREVER
CRIANT,CRIER
CRISPANT,CRISPER
CRISSANT,CRISSER
CRISTALLISANT,CRISTALLISER
CROASSANT,CROASSER
CROISSANT,CROITRE
CROLE,CROLER
CROLLE,CROLLER
CROQUANT,CROQUER
CROULANT,CROULER
CROUPI,CROUPIR
CROUPISSANT,CROUPIR
CROUSTILLANT,CROUSTILLER
CROYANT,CROIRE
CRU,CROIRE
CRUCIFIANT,CRUCIFIER
CUISANT,CUIRE
CULMINANT,CULMINER
CULPABILISANT,CULPABILISER
DANDINANT,DANDINER
DANSANT,DANSER
DEBILITANT,DEBILITER
DEBORDANT,DEBORDER
DEBUTANT,DEBUTER
DECALCIFIANT,DECALCIFIER
DECAPANT,DECAPER
DECELERE,DECELERER
DECEREBRANT,DECEREBRER
DECEREBRE,DECEREBRER
DECERVELE,DECERVELER
DECEVANT,DECEVOIR
DECHEVELANT,DECHEVELER
DECHIRANT,DECHIRER
DECLARANT,DECLARER
DECLINANT,DECLINER
DECOLORANT,DECOLORER
DECOMPENSE,DECOMPENSER
DECONCERTANT,DECONCERTER
DECONNANT,DECONNER
DECONSTRUISANT,DECONSTRUIRE
DECONTRACTANT,DECONTRACTER
DECOURAGEANT,DECOURAGER
DECROISSANT,DECROITRE
DEFAILLANT,DEFAILLIR
DEFERLANT,DEFERLER
DEFIANT,DEFIER
DEFILANT,DEFILER
DEFINISSANT,DEFINIR
DEFLAGRANT,DEFLAGRER
DEFOLIANT,DEFOLIER
DEFORMANT,DEFORMER
DEGIVRANT,DEGIVRER
DEGOULINANT,DEGOULINER
DEGOURDISSANT,DEGOURDIR
DEGOUTANT,DEGOUTER
DEGRADANT,DEGRADER
DEGRAISSANT,DEGRAISSER
DELASSANT,DELASSER
DELIBERANT,DELIBERER
DELIRANT,DELIRER
DELOCALISANT,DELOCALISER
DELURE,DELURER
DEMAQUILLANT,DEMAQUILLER
DEMELANT,DEMELER
DEMEURE,DEMEURER
DEMORALISANT,DEMORALISER
DEMOTIVANT,DEMOTIVER
DEMOULANT,DEMOULER
DEMYSTIFIANT,DEMYSTIFIER
DENATURANT,DENATURER
DENIGRANT,DENIGRER
DEPASSANT,DEPASSER
DEPAYSANT,DEPAYSER
DEPENALISANT,DEPENALISER
DEPENDANT,DEPENDRE
DEPLAISANT,DEPLAIRE
DEPLIANT,DEPLIER
DEPOLLUANT,DEPOLLUER
DEPOUSSIERANT,DEPOUSSIERER
DEPRAVANT,DEPRAVER
DEPRIMANT,DEPRIMER
DERANGEANT,DERANGER
DERIVANT,DERIVER
DEROULANT,DEROULER
DEROUTANT,DEROUTER
DESAGREGEANT,DESAGREGER
DESALTERANT,DESALTERER
DESARCONNANT,DESARCONNER
DESARMANT,DESARMER
DESCENDANT,DESCENDRE
DESEQUILIBRANT,DESEQUILIBRER
DESERTIFIANT,DESERTIFIER
DESESPERANT,DESESPERER
DESHERBANT,DESHERBER
DESHONORANT,DESHONORER
DESHUMANISANT,DESHUMANISER
DESHYDRATANT,DESHYDRATER
DESINFECTANT,DESINFECTER
DESINHIBANT,DESINHIBER
DESINSCRIT,DESINSCRIRE
DESIRANT,DESIRER
DESOBEISSANT,DESOBEIR
DESOBLIGEANT,DESOBLIGER
DESOCIALISANT,DESOCIALISER
DESODORISANT,DESODORISER
DESOLANT,DESOLER
DESOPILANT,DESOPILER
DESOXYDANT,DESOXYDER
DESSECHANT,DESSECHER
DESTABILISANT,DESTABILISER
DESTITUANT,DESTITUER
DESTRESSANT,DESTRESSER
DESTRUCTURANT,DESTRUCTURER
DETACHANT,DETACHER
DETAILLANT,DETAILLER
DETARTRANT,DETARTRER
DETERMINANT,DETERMINER
DETONANT,DETONER
DETOXIFIANT,DETOXIFIER
DEVALORISANT,DEVALORISER
DEVELOPPANT,DEVELOPPER
DEVIANT,DEVIER
DEVORANT,DEVORER
DIABOLISANT,DIABOLISER
DIFFAMANT,DIFFAMER
DILATANT,DILATER
DILUANT,DILUER
DIPLOMANT,DIPLOMER
DIRIGEANT,DIRIGER
DIRIMANT,DIRIMER
DISCORDANT,DISCORDER
DISCRIMINANT,DISCRIMINER
DISPERSANT,DISPERSER
DISQUALIFIANT,DISQUALIFIER
DISSOLVANT,DISSOUDRE
DISSONANT,DISSONER
DISTRAYANT,DISTRAIRE
DIVERTISSANT,DIVERTIR
DIVORCE,DIVORCER
DODELINANT,DODELINER
DOMINANT,DOMINER
DOPANT,DOPER
DORMANT,DORMIR
DRAINANT,DRAINER
DURCISSANT,DURCIR
DUS,DEVOIR
DYNAMISANT,DYNAMISER
EBLOUISSANT,EBLOUIR
EBOURIFFANT,EBOURIFFER
ECHAUFFANT,ECHAUFFER
ECHAUFFE,ECHAUFFER
ECHEANT,ECHOIR
ECLABOUSSANT,ECLABOUSSER
ECLAIRANT,ECLAIRER
ECLATANT,ECLATER
ECLOPE,ECLOPER
ECRASANT,ECRASER
ECRIVAILLE,ECRIVAILLER
ECUMANT,ECUMER
ECŒURANT,ECŒURER
EDIFIANT,EDIFIER
EDULCORANT,EDULCORER
EFFARANT,EFFARER
EFFEMINE,EFFEMINER
EFFLEURI,EFFLEURIR
EFFRAYANT,EFFRAYER
EGAYANT,EGAYER
EGRISE,EGRISER
ELECTRISANT,ELECTRISER
EMANE,EMANER
EMBALLANT,EMBALLER
EMBARRASSANT,EMBARRASSER
EMBARRASSE,EMBARRASSER
EMBETANT,EMBETER
EMBRIGADE,EMBRIGADER
EMBU,EMBOIRE
EMBUSQUE,EMBUSQUER
EMERGE,EMERGER
EMIGRANT,EMIGRER
EMMANCHE,EMMANCHER
EMMERDANT,EMMERDER
EMOTIONNANT,EMOTIONNER
EMOUSTILLANT,EMOUSTILLER
EMOUVANT,EMOUVOIR
EMPAFFE,EMPAFFER
EMPOIGNANT,EMPOIGNER
EMPOISONNANT,EMPOISONNER
EMPOTE,EMPOTER
EMULSIFIANT,EMULSIFIER
ENCADRANT,ENCADRER
ENCAISSANT,ENCAISSER
ENCOMBRANT,ENCOMBRER
ENCOURAGEANT,ENCOURAGER
ENCROUTANT,ENCROUTER
ENDORMANT,ENDORMIR
ENDURANT,ENDURER
ENERVANT,ENERVER
ENGAGEANT,ENGAGER
ENGAINANT,ENGAINER
ENGLOBANT,ENGLOBER
ENIVRANT,ENIVRER
ENLAIDISSANT,ENLAIDIR
ENLEVANT,ENLEVER
ENNUYANT,ENNUYER
ENQUETE,ENQUETER
ENQUIQUINANT,ENQUIQUINER
ENRAGEANT,ENRAGER
ENRICHISSANT,ENRICHIR
ENSEIGNANT,ENSEIGNER
ENSORCELANT,ENSORCELER
ENTETANT,ENTETER
ENTHOUSIASMANT,ENTHOUSIASMER
ENTRAINANT,ENTRAINER
ENTRANT,ENTRER
ENTREPRENANT,ENTREPRENDRE
ENVAHISSANT,ENVAHIR
ENVELOPPANT,ENVELOPPER
ENVIRONNANT,ENVIRONNER
ENVOUTANT,ENVOUTER
EPAISSISSANT,EPAISSIR
EPANOUISSANT,EPANOUIR
EPARGNANT,EPARGNER
EPATANT,EPATER
EPERDU,EPERDRE
EPOUSTOUFLANT,EPOUSTOUFLER
EPROUVANT,EPROUVER
EPUISANT,EPUISER
EQUILIBRANT,EQUILIBRER
EREINTANT,EREINTER
ERGOTE,ERGOTER
ERRANT,ERRER
ESQUINTANT,ESQUINTER
ESSENTIALISANT,ESSENTIALISER
ESSORANT,ESSORER
ESTHETISANT,ESTHETISER
ESTIVANT,ESTIVER
ETINCELANT,ETINCELER
ETONNANT,ETONNER
ETOUFFANT,ETOUFFER
ETOURDISSANT,ETOURDIR
ETUDIANT,ETUDIER
EUPHORISANT,EUPHORISER
EVACUANT,EVACUER
EVANOUISSANT,EVANOUIR
EVENTE,EVENTER
EVOLUE,EVOLUER
EXALTANT,EXALTER
EXASPERANT,EXASPERER
EXCEDANT,EXCEDER
EXCIPE,EXCIPER
EXCITANT,EXCITER
EXCLUANT,EXCLURE
EXECUTANT,EXECUTER
EXERCANT,EXERCER
EXFOLIANT,EXFOLIER
EXIGEANT,EXIGER
EXISTANT,EXISTER
EXPECTORANT,EXPECTORER
EXPIRANT,EXPIRER
EXPLOITANT,EXPLOITER
EXPLOSE,EXPLOSER
EXPOSANT,EXPOSER
EXPROPRIANT,EXPROPRIER
EXTENUANT,EXTENUER
EXTENUE,EXTENUER
EXULTANT,EXULTER
FAIBLISSANT,FAIBLIR
FAILLI,FAILLIR
FANATISANT,FANATISER
FASCINANT,FASCINER
FASCISANT,FASCISER
FAVORISANT,FAVORISER
FECONDANT,FECONDER
FEIGNANT,FEINDRE
FEMINISANT,FEMINISER
FENDANT,FENDRE
FERMANT,FERMER
FERMENTANT,FERMENTER
FERMENTE,FERMENTER
FERTILISANT,FERTILISER
FEUTRANT,FEUTRER
FICHANT,FICHER
FIDELISANT,FIDELISER
FIEFFE,FIEFFER
FILANT,FILER
FILTRANT,FILTRER
FINISSANT,FINIR
FISTULISANT,FISTULISER
FLAGELLANT,FLAGELLER
FLAGEOLANT,FLAGEOLER
FLAMBANT,FLAMBER
FLAMBOYANT,FLAMBOYER
FLECHISSANT,FLECHIR
FLETRISSANT,FLETRIR
FLEURISSANT,FLEURIR
FLIPPANT,FLIPPER
FLIPPE,FLIPPER
FLOTTANT,FLOTTER
FLUCTUANT,FLUCTUER
FLUIDIFIANT,FLUIDIFIER
FOCALISANT,FOCALISER
FOISONNANT,FOISONNER
FONDANT,FONDER
FONDANT,FONDRE
FORMALISANT,FORMALISER
FORMANT,FORMER
FORTIFIANT,FORTIFIER
FOUDROYANT,FOUDROYER
FOULANT,FOULER
FOURMILLANT,FOURMILLER
FOURVOYANT,FOURVOYER
FOUTU,FOUTRE
FRACASSANT,FRACASSER
FRAGILISANT,FRAGILISER
FRAICHISSANT,FRAICHIR
FRANCISANT,FRANCISER
FRANGEANT,FRANGER
FRAPPANT,FRAPPER
FREINANT,FREINER
FREMISSANT,FREMIR
FRETILLANT,FRETILLER
FRISANT,FRIRE
FRISANT,FRISER
FRISOTANT,FRISOTER
FRISOTTANT,FRISOTTER
FRISSONNANT,FRISSONNER
FROISSANT,FROISSER
FROTTANT,FROTTER
FROUFROUTANT,FROUFROUTER
FRUSTRANT,FRUSTRER
FUGUE,FUGUER
FULGURANT,FULGURER
FULMINANT,FULMINER
FUMANT,FUMER
FUSANT,FUSER
FUSIONNANT,FUSIONNER
FUYANT,FUIR
GAGNANT,GAGNER
GALBANT,GALBER
GALOPANT,GALOPER
GALVANISANT,GALVANISER
GAMBADANT,GAMBADER
GARANT,GARER
GAUCHISANT,GAUCHISER
GAZONNANT,GAZONNER
GAZOUILLANT,GAZOUILLER
GEIGNANT,GEINDRE
GELIFIANT,GELIFIER
GEMISSANT,GEMIR
GENANT,GENER
GENERALISANT,GENERALISER
GERBANT,GERBER
GERME,GERMER
GESTICULANT,GESTICULER
GESTICULE,GESTICULER
GIGOTANT,GIGOTER
GIGOTE,GIGOTER
GISANT,GESIR
GIVRANT,GIVRER
GLACANT,GLACER
GLANDE,GLANDER
GLAPISSANT,GLAPIR
GLISSANT,GLISSER
GLOBALISANT,GLOBALISER
GLORIFIANT,GLORIFIER
GLOUGLOUTANT,GLOUGLOUTER
GLOUSSANT,GLOUSSER
GODILLANT,GODILLER
GONDOLANT,GONDOLER
GONFLANT,GONFLER
GOUVERNANT,GOUVERNER
GRADUE,GRADUER
GRAISSANT,GRAISSER
GRANDISSANT,GRANDIR
GRASSEYANT,GRASSEYER
GRATIFIANT,GRATIFIER
GRATTANT,GRATTER
GRAVITANT,GRAVITER
GRECISANT,GRECISER
GRELOTANT,GRELOTER
GRELOTTANT,GRELOTTER
GRENOUILLANT,GRENOUILLER
GRESILLANT,GRESILLER
GRIMACANT,GRIMACER
GRIMPANT,GRIMPER
GRINCANT,GRINCER
GRISANT,GRISER
GRISONNANT,GRISONNER
GROGNANT,GROGNER
GRONDANT,GRONDER
GROSSISSANT,GROSSIR
GROUILLANT,GROUILLER
GUERISSANT,GUERIR
HALETANT,HALETER
HALLUCINANT,HALLUCINER
HANDICAPANT,HANDICAPER
HARASSANT,HARASSER
HARCELANT,HARCELER
HEBRAISANT,HEBRAISER
HELLENISANT,HELLENISER
HENNISSANT,HENNIR
HERBORISE,HERBORISER
HESITANT,HESITER
HIBERNANT,HIBERNER
HISPANISANT,HISPANISER
HISTORISANT,HISTORISER
HIVERNANT,HIVERNER
HOMOGENEISANT,HOMOGENEISER
HORRIFIANT,HORRIFIER
HORRIPILANT,HORRIPILER
HUMILIANT,HUMILIER
HURLANT,HURLER
HYDRATANT,HYDRATER
IDENTIFIANT,IDENTIFIER
IGNIFUGEANT,IGNIFUGER
IGNORANT,IGNORER
ILLUMINANT,ILLUMINER
IMMIGRANT,IMMIGRER
IMMUNISANT,IMMUNISER
IMPACTANT,IMPACTER
IMPATIENTANT,IMPATIENTER
IMPERMEABILISANT,IMPERMEABILISER
IMPLORANT,IMPLORER
IMPLOSE,IMPLOSER
IMPORTANT,IMPORTER
IMPOSANT,IMPOSER
IMPRESSIONNANT,IMPRESSIONNER
IMPRIMANT,IMPRIMER
INCITANT,INCITER
INCOMMODANT,INCOMMODER
INCRIMINANT,INCRIMINER
INCRUSTANT,INCRUSTER
INDIVIDUALISANT,INDIVIDUALISER
INFANTILISANT,INFANTILISER
INFATUE,INFATUER
INFECTANT,INFECTER
INFERIORISANT,INFERIORISER
INNOVANT,INNOVER
INQUIETANT,INQUIETER
INSCRIVANT,INSCRIRE
INSECURISANT,INSECURISER
INSINUANT,INSINUER
INSISTANT,INSISTER
INSONORISANT,INSONORISER
INSPIRANT,INSPIRER
INSTITUANT,INSTITUER
INSULTANT,INSULTER
INTEGRANT,INTEGRER
INTERAGISSANT,INTERAGIR
INTERESSANT,INTERESSER
INTERPELLANT,INTERPELLER
INTERPRETANT,INTERPRETER
INTERVENANT,INTERVENIR
INTIME,INTIMER
INTIMIDANT,INTIMIDER
INVALIDANT,INVALIDER
INVITANT,INVITER
IONISANT,IONISER
IRRADIANT,IRRADIER
IRRITANT,IRRITER
ISOLANT,ISOLER
ITALIANISANT,ITALIANISER
JACASSANT,JACASSER
JAILLISSANT,JAILLIR
JARGONNANT,JARGONNER
JAUNISSANT,JAUNIR
JOUISSANT,JOUIR
JUBILANT,JUBILER
JUDAISANT,JUDAISER
JUSTIFIANT,JUSTIFIER
JUXTAPOSANT,JUXTAPOSER
LACERANT,LACERER
LAMPANT,LAMPER
LANCINANT,LANCINER
LANGUISSANT,LANGUIR
LARMOYANT,LARMOYER
LASSANT,LASSER
LATINISANT,LATINISER
LAVANT,LAVER
LENIFIANT,LENIFIER
LESINANT,LESINER
LEVRETTE,LEVRETTER
LIANT,LIER
LIBERALISANT,LIBERALISER
LIGNIFIANT,LIGNIFIER
LIMITANT,LIMITER
LIQUEFIANT,LIQUEFIER
LISSANT,LISSER
LOBOTOMISANT,LOBOTOMISER
LOCALISANT,LOCALISER
LOUVOYANT,LOUVOYER
LUBRIFIANT,LUBRIFIER
LUISANT,LUIRE
LUSTRANT,LUSTRER
LYRE,LYRER
MAGNETISANT,MAGNETISER
MAJORANT,MAJORER
MALFAISANT,MALFAIRE
MALTRAITANT,MALTRAITER
MANQUANT,MANQUER
MARCHANT,MARCHER
MARMOTTANT,MARMOTTER
MARQUANT,MARQUER
MARRANT,MARRER
MARXISANT,MARXISER
MASCULINISANT,MASCULINISER
MASQUANT,MASQUER
MASSACRANT,MASSACRER
MATERNANT,MATERNER
MAUGREANT,MAUGREER
MECHANT,MECHER
MEDIATISANT,MEDIATISER
MEDICALISANT,MEDICALISER
MEDISANT,MEDIRE
MEDISANT,MEDISER
MEDITANT,MEDITER
MEDUSANT,MEDUSER
MEFIANT,MEFIER
MELANGEANT,MELANGER
MENACANT,MENACER
MENDIANT,MENDIER
MEPRISANT,MEPRISER
MEPRISE,MEPRISER
MERITANT,MERITER
MEUBLANT,MEUBLER
MEURTRISSANT,MEURTRIR
MIGRANT,MIGRER
MILITANT,MILITER
MINERALISANT,MINERALISER
MINIMISANT,MINIMISER
MINORANT,MINORER
MIROITANT,MIROITER
MIROITE,MIROITER
MOBILISANT,MOBILISER
MODELANT,MODELER
MODIFIANT,MODIFIER
MODULANT,MODULER
MONOPOLISANT,MONOPOLISER
MONTANT,MONTER
MORALISANT,MORALISER
MORDANT,MORDRE
MORFONDU,MORFONDRE
MORTIFIANT,MORTIFIER
MOTIVANT,MOTIVER
MOUILLANT,MOUILLER
MOULANT,MOUDRE
MOULANT,MOULER
MOURANT,MOURIR
MOUSSANT,MOUSSER
MOUTONNANT,MOUTONNER
MOUTONNE,MOUTONNER
MOUVANT,MOUVER
MOUVANT,MOUVOIR
MUGISSANT,MUGIR
MURI,MURIR
MURISSANT,MURIR
MURMURANT,MURMURER
MUTANT,MUTER
MUTILANT,MUTILER
MYSTIFIANT,MYSTIFIER
NAISSANT,NAITRE
NAUFRAGE,NAUFRAGER
NAVRANT,NAVRER
NECESSITANT,NECESSITER
NECROSANT,NECROSER
NETTOYANT,NETTOYER
NEUTRALISANT,NEUTRALISER
NITRIFIANT,NITRIFIER
NOIRCISSANT,NOIRCIR
NOMINANT,NOMINER
NORME,NORMER
NOURRISSANT,NOURRIR
OBEISSANT,OBEIR
OBLIGEANT,OBLIGER
OBLITERANT,OBLITERER
OBSEDANT,OBSEDER
OBSERVANT,OBSERVER
OCCUPANT,OCCUPER
OFFENSANT,OFFENSER
OFFICIANT,OFFICIER
OFFRANT,OFFRIR
ONDOYANT,ONDOYER
ONDULANT,ONDULER
OPACIFIANT,OPACIFIER
OPERANT,OPERER
OPINANT,OPINER
OPPOSANT,OPPOSER
OPPRESSANT,OPPRESSER
OPPRIMANT,OPPRIMER
OSCILLANT,OSCILLER
OUTRAGEANT,OUTRAGER
OUVRANT,OUVRER
OUVRANT,OUVRIR
OVULE,OVULER
OXYDANT,OXYDER
OZONE,OZONER
PACIFIANT,PACIFIER
PALISSANT,PALIR
PALPITANT,PALPITER
PANIQUANT,PANIQUER
PANTELANT,PANTELER
PAPILLONNANT,PAPILLONNER
PAPILLOTANT,PAPILLOTER
PARALYSANT,PARALYSER
PARDONNANT,PARDONNER
PARLANT,PARLER
PARTANT,PARTIR
PARTICIPANT,PARTICIPER
PASSANT,PASSER
PASSIONNANT,PASSIONNER
PATOISANT,PATOISER
PAYANT,PAYER
PELUCHE,PELUCHER
PENALISANT,PENALISER
PENCHANT,PENCHER
PENDANT,PENDRE
PENETRANT,PENETRER
PENSANT,PENSER
PEPIANT,PEPIER
PERCANT,PERCER
PERCUTANT,PERCUTER
PERDANT,PERDRE
PERFORANT,PERFORER
PERFORMANT,PERFORMER
PERI,PERIR
PERICLITANT,PERICLITER
PERQUISITIONNE,PERQUISITIONNER
PERSECUTANT,PERSECUTER
PERSEVERANT,PERSEVERER
PERSISTANT,PERSISTER
PERSPIRANT,PERSPIRER
PERTURBANT,PERTURBER
PESANT,PESER
PETANT,PETER
PETARADANT,PETARADER
PETILLANT,PETILLER
PETRARQUISANT,PETRARQUISER
PETRIFIANT,PETRIFIER
PHOSPHORE,PHOSPHORER
PIAFFANT,PIAFFER
PIETINANT,PIETINER
PIGEONNANT,PIGEONNER
PIQUANT,PIQUER
PIVOTANT,PIVOTER
PLAIDANT,PLAIDER
PLAIGNANT,PLAINDRE
PLAISANT,PLAIRE
PLANANT,PLANER
PLASTIFIANT,PLASTIFIER
PLEURANT,PLEURER
PLIANT,PLIER
PLOMBANT,PLOMBER
PLONGEANT,PLONGER
PLOYANT,PLOYER
POIGNANT,POIGNER
POIGNANT,POINDRE
POILANT,POILER
POLARISANT,POLARISER
POLLUANT,POLLUER
POMME,POMMER
PONTIFIANT,PONTIFIER
PORTANT,PORTER
POSSEDANT,POSSEDER
POSTULANT,POSTULER
POUDROYANT,POUDROYER
POUPONNE,POUPONNER
POURRISSANT,POURRIR
PRATIQUANT,PRATIQUER
PRECUIT,PRECUIRE
PREDOMINANT,PREDOMINER
PREENREGISTRE,PREENREGISTRER
PREEXISTANT,PREEXISTER
PRENANT,PRENDRE
PREOCCUPANT,PREOCCUPER
PREPENSIONNE,PREPENSIONNER
PREPOSE,PREPOSER
PRESSANT,PRESSER
PREVENANT,PREVENIR
PREVOYANT,PREVOIR
PRIANT,PRIER
PROBANT,PROBER
PROFESSANT,PROFESSER
PROFESSIONNALISANT,PROFESSIONNALISER
PROFITANT,PROFITER
PROLIFERANT,PROLIFERER
PROPOSANT,PROPOSER
PROTESTANT,PROTESTER
PSYCHOLOGISANT,PSYCHOLOGISER
PUANT,PUER
PULLULANT,PULLULER
PULSANT,PULSER
PURIFIANT,PURIFIER
PYRAMIDE,PYRAMIDER
QUALIFIANT,QUALIFIER
QUARTE,QUARTER
RABAISSANT,RABAISSER
RABATTANT,RABATTRE
RADIANT,RADIER
RAFRAICHISSANT,RAFRAICHIR
RAGEANT,RAGER
RAGOUTANT,RAGOUTER
RAISONNANT,RAISONNER
RAJEUNISSANT,RAJEUNIR
RALANT,RALER
RALLIE,RALLIER
RAMOLLISSANT,RAMOLLIR
RAMPANT,RAMPER
RASANT,RASER
RASSASIANT,RASSASIER
RASSEOIR,RASSIR
RASSEOIR,RASSOIR
RASSIR,RASSEOIR
RASSIR,RASSOIR
RASSIS,RASSEOIR
RASSIS,RASSIR
RASSIS,RASSOIR
RASSOIR,RASSEOIR
RASSOIR,RASSIR
RASSURANT,RASSURER
RATIOCINANT,RATIOCINER
RATIONALISANT,RATIONALISER
RAVIGOTANT,RAVIGOTER
RAVISSANT,RAVIR
RAYONNANT,RAYONNER
REACQUIS,REACQUERIR
REBONDISSANT,REBONDIR
REBUTANT,REBUTER
RECALCITRANT,RECALCITRER
RECHAUFFANT,RECHAUFFER
RECHIGNE,RECHIGNER
RECIDIVANT,RECIDIVER
RECITANT,RECITER
RECOLTANT,RECOLTER
RECOMBINANT,RECOMBINER
RECONFORTANT,RECONFORTER
RECONNAISSANT,RECONNAITRE
RECONQUERANT,RECONQUERIR
RECONSTITUANT,RECONSTITUER
RECOURANT,RECOURIR
RECOUVRANT,RECOUVRER
RECOUVRANT,RECOUVRIR
RECRIMINE,RECRIMINER
RECRU,RECROITRE
REDONDANT,REDONDER
REDONDE,REDONDER
REFLECHISSANT,REFLECHIR
REFRIGERANT,REFRIGERER
REGARDANT,REGARDER
REGENERANT,REGENERER
REGISSANT,REGIR
REGLANT,REGLER
REGNANT,REGNER
REGRESSE,REGRESSER
REGULARISANT,REGULARISER
REHYDRATANT,REHYDRATER
REITERANT,REITERER
REJOUISSANT,REJOUIR
RELAXANT,RELAXER
RELEVANT,RELEVER
RELUISANT,RELUIRE
REMETTANT,REMETTRE
REMINERALISANT,REMINERALISER
REMONTANT,REMONTER
REMPLACANT,REMPLACER
REMUANT,REMUER
RENAISSANT,RENAITRE
RENARDE,RENARDER
RENFORCANT,RENFORCER
RENOUVELANT,RENOUVELER
RENTRANT,RENTRER
RENVERSANT,RENVERSER
RENVOYE,RENVOYER
REPENTANT,REPENTIR
REPOSANT,REPOSER
REPOUSSANT,REPOUSSER
REPUGNANT,REPUGNER
REQUERANT,REQUERIR
RESCINDANT,RESCINDER
RESISTANT,RESISTER
RESOLVANT,RESOUDRE
RESONNANT,RESONNER
RESPIRANT,RESPIRER
RESPLENDISSANT,RESPLENDIR
RESSEMBLANT,RESSEMBLER
RESSORTISSANT,RESSORTIR
RESTANT,RESTER
RESULTANT,RESULTER
RETENTISSANT,RETENTIR
RETOMBANT,RETOMBER
RETRAITE,RETRAITER
RETRAYANT,RETRAIRE
RETRECISSANT,RETRECIR
REVENANT,REVENIR
REVERBERANT,REVERBERER
REVIGORANT,REVIGORER
REVITALISANT,REVITALISER
REVIVIFIANT,REVIVIFIER
REVOLTANT,REVOLTER
RIANT,RIRE
RICANANT,RICANER
ROMANISANT,ROMANISER
RONFLANT,RONFLER
RONRONNANT,RONRONNER
ROSISSANT,ROSIR
ROUCOULANT,ROUCOULER
ROUE,ROUER
ROUGEOYANT,ROUGEOYER
ROUGISSANT,ROUGIR
ROULANT,ROULER
RUBEFIANT,RUBEFIER
RUGISSANT,RUGIR
RUISSELANT,RUISSELER
RUMINANT,RUMINER
RUSE,RUSER
RUSSISANT,RUSSISER
RUTILANT,RUTILER
SAIGNANT,SAIGNER
SAILLANT,SAILLIR
SAISISSANT,SAISIR
SALANT,SALER
SALISSANT,SALIR
SALIVANT,SALIVER
SANCTIFIANT,SANCTIFIER
SANCTIFIE,SANCTIFIER
SANCTIONNE,SANCTIONNER
SANGLANT,SANGLER
SANGLOTANT,SANGLOTER
SATISFAISANT,SATISFAIRE
SATURANT,SATURER
SAUNANT,SAUNER
SAUTILLANT,SAUTILLER
SCINTILLANT,SCINTILLER
SCLERIFIANT,SCLERIFIER
SCLEROSANT,SCLEROSER
SEANT,SEOIR
SECOUANT,SECOUER
SECURISANT,SECURISER
SEDUISANT,SEDUIRE
SENSIBILISANT,SENSIBILISER
SEQUESTRANT,SEQUESTRER
SERPENTANT,SERPENTER
SERVANT,SERVIR
SEYANT,SEOIR
SIDERANT,SIDERER
SIFFLANT,SIFFLER
SIFFLOTANT,SIFFLOTER
SIGNIFIANT,SIGNIFIER
SINISANT,SINISER
SINUE,SINUER
SLAVISANT,SLAVISER
SOCIALISANT,SOCIALISER
SOIGNANT,SOIGNER
SOMMEILLANT,SOMMEILLER
SONNANT,SONNER
SORTANT,SORTIR
SOUDANT,SOUDER
SOUFFLANT,SOUFFLER
SOUFFRANT,SOUFFRIR
SOULANT,SOULER
SOUPIRANT,SOUPIRER
SOURIANT,SOURIRE
SOUSTRAITANT,SOUSTRAITER
SPIRALE,SPIRALER
SPORULE,SPORULER
STABILISANT,STABILISER
STAGNANT,STAGNER
STATIONNE,STATIONNER
STERILISANT,STERILISER
STIGMATISANT,STIGMATISER
STIMULANT,STIMULER
STRESSANT,STRESSER
STRIDULANT,STRIDULER
STRUCTURANT,STRUCTURER
STUPEFIANT,STUPEFIER
SUANT,SUER
SUBJUGUANT,SUBJUGUER
SUBORDONNANT,SUBORDONNER
SUBSIDIANT,SUBSIDIER
SUBSISTANT,SUBSISTER
SUCCOMBANT,SUCCOMBER
SUCRANT,SUCRER
SUFFISANT,SUFFIRE
SUINTANT,SUINTER
SUIVANT,SUIVRE
SUPPLEANT,SUPPLEER
SUPPLIANT,SUPPLIER
SUPPLICIANT,SUPPLICIER
SUPPURANT,SUPPURER
SUPPURE,SUPPURER
SURABONDANT,SURABONDER
SURACTIVE,SURACTIVER
SURDETERMINANT,SURDETERMINER
SUREXCITANT,SUREXCITER
SURGI,SURGIR
SURGISSANT,SURGIR
SURI,SURIR
SURLIGNANT,SURLIGNER
SURNAGEANT,SURNAGER
SURPLOMBANT,SURPLOMBER
SURPRENANT,SURPRENDRE
SURSATURANT,SURSATURER
SURSEOIR,SURSOIR
SURSOIR,SURSEOIR
SURVEILLANT,SURVEILLER
SURVIRANT,SURVIRER
SURVIVANT,SURVIVRE
SURVOLANT,SURVOLER
SUSURRANT,SUSURRER
SYMPATHISANT,SYMPATHISER
TACHANT,TACHER
TALLE,TALLER
TAMBOURINANT,TAMBOURINER
TANNANT,TANNER
TAPANT,TAPER
TARE,TARER
TATONNANT,TATONNER
TELEDECLARANT,TELEDECLARER
TEMPERANT,TEMPERER
TENANT,TENIR
TENORISANT,TENORISER
TENTANT,TENTER
TERRIFIANT,TERRIFIER
TERRORISANT,TERRORISER
TETANISANT,TETANISER
TIERCE,TIERCER
TIMBRE,TIMBRER
TINTINNABULANT,TINTINNABULER
TIRAILLANT,TIRAILLER
TITUBANT,TITUBER
TOLERANT,TOLERER
TOMBANT,TOMBER
TONIFIANT,TONIFIER
TONITRUANT,TONITRUER
TONNANT,TONNER
TORDANT,TORDRE
TORTURANT,TORTURER
TOTALISANT,TOTALISER
TOUCHANT,TOUCHER
TOURBILLONNANT,TOURBILLONNER
TOURNANT,TOURNER
TOURNOYANT,TOURNOYER
TRACANT,TRACER
TRACASSANT,TRACASSER
TRAINANT,TRAINER
TRAITANT,TRAITER
TRANCHANT,TRANCHER
TRANQUILLISANT,TRANQUILLISER
TRANSCENDANT,TRANSCENDER
TRANSFORMANT,TRANSFORMER
TRANSHUMANT,TRANSHUMER
TRANSPIRANT,TRANSPIRER
TRAUMATISANT,TRAUMATISER
TRAVERSANT,TRAVERSER
TREBUCHANT,TREBUCHER
TREMBLANT,TREMBLER
TREMBLE,TREMBLER
TREMBLOTANT,TREMBLOTER
TREMULANT,TREMULER
TREPASSE,TREPASSER
TREPIDANT,TREPIDER
TREPIGNANT,TREPIGNER
TRESSAILLANT,TRESSAILLIR
TRIOMPHANT,TRIOMPHER
TROTTANT,TROTTER
TROTTINANT,TROTTINER
TROUBLANT,TROUBLER
TUANT,TUER
UNIFORMISANT,UNIFORMISER
USANT,USER
VACILLANT,VACILLER
VAGISSANT,VAGIR
VALORISANT,VALORISER
VARIANT,VARIER
VENANT,VENIR
VENTE,VENTER
VERDISSANT,VERDIR
VERDOYANT,VERDOYER
VERGE,VERGER
VERGLACANT,VERGLACER
VERGLACE,VERGLACER
VERMICULE,VERMICULER
VERSANT,VERSER
VEXANT,VEXER
VIBRANT,VIBRER
VIBRIONNANT,VIBRIONNER
VICTIMISANT,VICTIMISER
VIEILLISSANT,VIEILLIR
VIGILANT,VIGILER
VIREVOLTANT,VIREVOLTER
VIRILISANT,VIRILISER
VIVANT,VIVRE
VIVIFIANT,VIVIFIER
VOCIFERANT,VOCIFERER
VOLANT,VOLER
VOLTIGEANT,VOLTIGER
VOYANT,VOIR
VRILLANT,VRILLER
VROMBISSANT,VROMBIR
